dataset,method,c_calc,labelling_strategy,smote,benchmark_mode,run_time_min_mean,run_time_min_std,auc_mean,auc_std,pr_auc_mean,pr_auc_std,f1_mean,f1_std,tp_mean,tp_std,tn_mean,tn_std,fp_mean,fp_std,fn_mean,fn_std,fmi_mean,fmi_std
ISAP_corpus,clust,0.200,classic,False,union-train,0.024,0.003,0.640,0.092,0.012,0.003,0.000,0.000,0.000,0.000,2942.500,6.078,32.500,6.078,25.000,0.000,0.981,0.002
ISAP_corpus,clust,0.200,mvc,False,union-train,0.033,0.024,0.772,0.043,0.022,0.003,0.017,0.000,25.000,0.000,34.200,7.036,2940.800,7.036,0.000,0.000,0.980,0.002
ISAP_corpus,clust,0.500,classic,False,union-train,0.024,0.003,0.598,0.086,0.011,0.003,0.000,0.000,0.000,0.000,2936.500,7.472,38.500,7.472,25.000,0.000,0.979,0.002
ISAP_corpus,clust,0.500,mvc,False,union-train,0.027,0.004,0.104,0.025,0.005,0.000,0.000,0.000,0.000,0.000,2863.500,6.621,111.500,6.621,25.000,0.000,0.955,0.002
ISAP_corpus,clust,0.800,classic,False,union-train,0.031,0.016,0.491,0.062,0.008,0.001,0.000,0.000,0.000,0.000,2924.900,7.978,50.100,7.978,25.000,0.000,0.975,0.003
ISAP_corpus,clust,0.800,mvc,False,union-train,0.027,0.014,0.184,0.030,0.005,0.000,0.000,0.000,0.000,0.000,2868.800,8.483,106.200,8.483,25.000,0.000,0.957,0.003
ISAP_corpus,lassojoint,0.200,classic,False,union-train,2.113,0.547,0.666,0.077,0.017,0.008,0.000,0.000,0.000,0.000,2966.200,2.440,8.800,2.440,25.000,0.000,0.989,0.001
ISAP_corpus,lassojoint,0.200,mvc,False,union-train,2.242,1.239,0.144,0.036,0.007,0.000,0.004,0.001,5.200,1.874,243.400,18.536,2731.600,18.536,19.800,1.874,0.919,0.005
ISAP_corpus,lassojoint,0.500,classic,False,union-train,1.914,1.059,0.663,0.081,0.015,0.005,0.000,0.000,0.000,0.000,2939.900,28.053,35.100,28.053,25.000,0.000,0.980,0.009
ISAP_corpus,lassojoint,0.500,mvc,False,union-train,2.108,0.678,0.176,0.021,0.005,0.000,0.000,0.000,0.000,0.000,2818.400,14.811,156.600,14.811,25.000,0.000,0.941,0.005
ISAP_corpus,lassojoint,0.800,classic,False,union-train,2.232,0.967,0.577,0.042,0.010,0.001,0.000,0.000,0.000,0.000,2958.400,3.893,16.600,3.893,25.000,0.000,0.986,0.001
ISAP_corpus,lassojoint,0.800,mvc,False,union-train,1.682,0.558,0.241,0.009,0.005,0.000,0.000,0.000,0.000,0.000,2913.400,14.010,61.600,14.010,25.000,0.000,0.971,0.005
ISAP_corpus,naive,0.200,classic,False,union-train,0.003,0.001,0.826,0.055,0.038,0.010,0.000,0.000,0.000,0.000,2974.400,0.699,0.600,0.699,25.000,0.000,0.991,0.000
ISAP_corpus,naive,0.200,mvc,False,union-train,0.003,0.002,0.089,0.017,0.005,0.000,0.000,0.000,0.000,0.000,2915.200,9.259,59.800,9.259,25.000,0.000,0.972,0.003
ISAP_corpus,naive,0.500,classic,False,union-train,0.003,0.001,0.757,0.062,0.025,0.008,0.000,0.000,0.000,0.000,2970.400,2.066,4.600,2.066,25.000,0.000,0.990,0.001
ISAP_corpus,naive,0.500,mvc,False,union-train,0.003,0.001,0.127,0.018,0.005,0.000,0.000,0.000,0.000,0.000,2893.600,8.959,81.400,8.959,25.000,0.000,0.965,0.003
ISAP_corpus,naive,0.800,classic,False,union-train,0.004,0.001,0.645,0.058,0.014,0.003,0.000,0.000,0.000,0.000,2960.800,4.158,14.200,4.158,25.000,0.000,0.987,0.001
ISAP_corpus,naive,0.800,mvc,False,union-train,0.003,0.002,0.249,0.025,0.005,0.000,0.000,0.000,0.000,0.000,2908.000,9.262,67.000,9.262,25.000,0.000,0.969,0.003
ISAP_corpus,non-strict-lassclust,0.200,classic,False,union-train,3.559,0.989,0.682,0.068,0.013,0.002,0.000,0.000,0.000,0.000,2937.300,7.602,37.700,7.602,25.000,0.000,0.979,0.003
ISAP_corpus,non-strict-lassclust,0.200,mvc,False,union-train,3.491,1.714,0.821,0.050,0.036,0.008,0.017,0.000,25.000,0.000,30.600,6.450,2944.400,6.450,0.000,0.000,0.981,0.002
ISAP_corpus,non-strict-lassclust,0.500,classic,False,union-train,4.096,1.199,0.558,0.091,0.010,0.002,0.000,0.000,0.000,0.000,2941.400,15.057,33.600,15.057,25.000,0.000,0.980,0.005
ISAP_corpus,non-strict-lassclust,0.500,mvc,False,union-train,3.888,1.190,0.090,0.021,0.005,0.000,0.000,0.000,0.000,0.000,2857.800,11.679,117.200,11.679,25.000,0.000,0.953,0.004
ISAP_corpus,non-strict-lassclust,0.800,classic,False,union-train,5.622,2.254,0.416,0.046,0.007,0.001,0.000,0.000,0.000,0.000,2928.000,8.083,47.000,8.083,25.000,0.000,0.976,0.003
ISAP_corpus,non-strict-lassclust,0.800,mvc,False,union-train,5.282,4.424,0.144,0.023,0.005,0.000,0.000,0.000,0.000,0.000,2871.300,13.259,103.700,13.259,25.000,0.000,0.957,0.004
ISAP_corpus,spy,0.200,classic,False,union-train,0.028,0.005,0.543,0.035,0.009,0.001,0.019,0.000,24.400,0.516,416.200,12.309,2558.800,12.309,0.600,0.516,0.863,0.003
ISAP_corpus,spy,0.200,mvc,False,union-train,0.031,0.017,0.580,0.039,0.010,0.001,0.019,0.001,24.300,0.823,526.900,24.374,2448.100,24.374,0.700,0.823,0.834,0.006
ISAP_corpus,spy,0.500,classic,False,union-train,0.027,0.013,0.543,0.036,0.009,0.001,0.019,0.000,24.400,0.516,418.200,12.656,2556.800,12.656,0.600,0.516,0.863,0.004
ISAP_corpus,spy,0.500,mvc,False,union-train,0.025,0.004,0.543,0.036,0.009,0.001,0.019,0.000,24.500,0.527,417.500,12.232,2557.500,12.232,0.500,0.527,0.863,0.003
ISAP_corpus,spy,0.800,classic,False,union-train,0.029,0.013,0.543,0.036,0.009,0.001,0.019,0.000,24.400,0.516,416.800,12.682,2558.200,12.682,0.600,0.516,0.863,0.004
ISAP_corpus,spy,0.800,mvc,False,union-train,0.026,0.005,0.543,0.036,0.009,0.001,0.019,0.000,24.400,0.516,417.700,12.084,2557.300,12.084,0.600,0.516,0.863,0.003
ISAP_corpus,strict-lassclust,0.200,classic,False,union-train,3.562,0.989,0.682,0.068,0.013,0.002,0.000,0.000,0.000,0.000,2937.300,7.602,37.700,7.602,25.000,0.000,0.979,0.003
ISAP_corpus,strict-lassclust,0.200,mvc,False,union-train,3.225,1.397,0.820,0.051,0.036,0.008,0.017,0.000,25.000,0.000,31.700,6.093,2943.300,6.093,0.000,0.000,0.981,0.002
ISAP_corpus,strict-lassclust,0.500,classic,False,union-train,4.210,1.646,0.538,0.052,0.009,0.001,0.000,0.000,0.000,0.000,2923.900,19.301,51.100,19.301,25.000,0.000,0.975,0.006
ISAP_corpus,strict-lassclust,0.500,mvc,False,union-train,4.129,1.191,0.090,0.021,0.005,0.000,0.000,0.000,0.000,0.000,2857.700,11.833,117.300,11.833,25.000,0.000,0.953,0.004
ISAP_corpus,strict-lassclust,0.800,classic,False,union-train,5.269,1.954,0.416,0.046,0.007,0.001,0.000,0.000,0.000,0.000,2928.000,8.083,47.000,8.083,25.000,0.000,0.976,0.003
ISAP_corpus,strict-lassclust,0.800,mvc,False,union-train,4.073,1.548,0.144,0.023,0.005,0.000,0.000,0.000,0.000,0.000,2871.500,13.310,103.500,13.310,25.000,0.000,0.958,0.004
job_offers_pl_corpus,clust,0.200,classic,False,union-train,0.024,0.003,0.662,0.013,0.267,0.013,0.039,0.013,10.200,3.553,2483.900,2.234,11.100,2.234,494.800,3.553,0.846,0.001
job_offers_pl_corpus,clust,0.200,mvc,False,union-train,0.033,0.024,0.345,0.012,0.120,0.002,0.287,0.001,502.600,1.578,2.600,2.171,2492.400,2.171,2.400,1.578,0.848,0.001
job_offers_pl_corpus,clust,0.500,classic,False,union-train,0.024,0.003,0.713,0.013,0.309,0.017,0.068,0.017,18.300,4.668,2477.800,4.341,17.200,4.341,486.700,4.668,0.845,0.002
job_offers_pl_corpus,clust,0.500,mvc,False,union-train,0.027,0.004,0.587,0.009,0.195,0.009,0.040,0.014,10.800,4.050,2465.700,5.599,29.300,5.599,494.200,4.050,0.839,0.002
job_offers_pl_corpus,clust,0.800,classic,False,union-train,0.031,0.016,0.730,0.013,0.322,0.017,0.117,0.020,33.300,6.038,2463.300,5.599,31.700,5.599,471.700,6.038,0.842,0.002
job_offers_pl_corpus,clust,0.800,mvc,False,union-train,0.027,0.014,0.663,0.009,0.256,0.014,0.090,0.021,25.800,6.460,2450.800,7.997,44.200,7.997,479.200,6.460,0.836,0.003
job_offers_pl_corpus,lassojoint,0.200,classic,False,union-train,2.113,0.547,0.892,0.008,0.635,0.021,0.590,0.013,387.400,20.495,2074.400,45.656,420.600,45.656,117.600,20.495,0.781,0.012
job_offers_pl_corpus,lassojoint,0.200,mvc,False,union-train,2.242,1.239,0.436,0.011,0.158,0.001,0.116,0.016,72.300,13.174,1831.300,73.107,663.700,73.107,432.700,13.174,0.658,0.015
job_offers_pl_corpus,lassojoint,0.500,classic,False,union-train,1.914,1.059,0.803,0.026,0.398,0.028,0.233,0.201,110.900,96.073,2337.700,135.619,157.300,135.619,394.100,96.073,0.811,0.032
job_offers_pl_corpus,lassojoint,0.500,mvc,False,union-train,2.108,0.678,0.704,0.019,0.298,0.020,0.169,0.023,55.700,8.820,2397.500,13.235,97.500,13.235,449.300,8.820,0.822,0.004
job_offers_pl_corpus,lassojoint,0.800,classic,False,union-train,2.232,0.967,0.888,0.009,0.632,0.020,0.577,0.017,409.700,10.012,1989.900,24.583,505.100,24.583,95.300,10.012,0.758,0.010
job_offers_pl_corpus,lassojoint,0.800,mvc,False,union-train,1.682,0.558,0.766,0.013,0.371,0.019,0.312,0.017,123.200,7.843,2333.800,16.478,161.200,16.478,381.800,7.843,0.810,0.006
job_offers_pl_corpus,naive,0.200,classic,False,union-train,0.003,0.001,0.822,0.011,0.377,0.016,0.000,0.000,0.000,0.000,2495.000,0.000,0.000,0.000,505.000,0.000,0.848,0.000
job_offers_pl_corpus,naive,0.200,mvc,False,union-train,0.003,0.002,0.575,0.012,0.178,0.005,0.000,0.000,0.000,0.000,2494.700,0.483,0.300,0.483,505.000,0.000,0.848,0.000
job_offers_pl_corpus,naive,0.500,classic,False,union-train,0.003,0.001,0.828,0.011,0.384,0.018,0.000,0.000,0.000,0.000,2495.000,0.000,0.000,0.000,505.000,0.000,0.848,0.000
job_offers_pl_corpus,naive,0.500,mvc,False,union-train,0.003,0.001,0.667,0.012,0.221,0.008,0.000,0.000,0.000,0.000,2494.900,0.316,0.100,0.316,505.000,0.000,0.848,0.000
job_offers_pl_corpus,naive,0.800,classic,False,union-train,0.004,0.001,0.819,0.012,0.373,0.017,0.008,0.004,2.300,1.252,2440.200,4.780,54.800,4.780,502.700,1.252,0.829,0.002
job_offers_pl_corpus,naive,0.800,mvc,False,union-train,0.003,0.002,0.798,0.009,0.355,0.012,0.001,0.002,0.200,0.422,2495.000,0.000,0.000,0.000,504.800,0.422,0.849,0.000
job_offers_pl_corpus,non-strict-lassclust,0.200,classic,False,union-train,3.559,0.989,0.732,0.015,0.343,0.016,0.061,0.015,16.300,4.218,2484.000,3.300,11.000,3.300,488.700,4.218,0.847,0.001
job_offers_pl_corpus,non-strict-lassclust,0.200,mvc,False,union-train,3.491,1.714,0.325,0.008,0.117,0.001,0.286,0.001,500.600,1.897,4.400,1.838,2490.600,1.838,4.400,1.897,0.848,0.001
job_offers_pl_corpus,non-strict-lassclust,0.500,classic,False,union-train,4.096,1.199,0.781,0.029,0.400,0.040,0.088,0.040,24.000,11.343,2481.800,5.594,13.200,5.594,481.000,11.343,0.847,0.002
job_offers_pl_corpus,non-strict-lassclust,0.500,mvc,False,union-train,3.888,1.190,0.684,0.012,0.305,0.020,0.106,0.021,29.800,6.339,2466.600,6.450,28.400,6.450,475.200,6.339,0.843,0.002
job_offers_pl_corpus,non-strict-lassclust,0.800,classic,False,union-train,5.622,2.254,0.808,0.013,0.438,0.023,0.225,0.017,69.400,5.854,2452.500,9.312,42.500,9.312,435.600,5.854,0.844,0.004
job_offers_pl_corpus,non-strict-lassclust,0.800,mvc,False,union-train,5.282,4.424,0.758,0.013,0.383,0.024,0.215,0.019,67.800,6.697,2436.800,10.229,58.200,10.229,437.200,6.697,0.838,0.004
job_offers_pl_corpus,spy,0.200,classic,False,union-train,0.028,0.005,0.521,0.010,0.170,0.004,0.271,0.006,309.400,8.605,1027.600,30.373,1467.400,30.373,195.600,8.605,0.609,0.003
job_offers_pl_corpus,spy,0.200,mvc,False,union-train,0.031,0.017,0.484,0.009,0.154,0.003,0.032,0.028,12.100,12.732,2318.500,71.721,176.500,71.721,492.900,12.732,0.788,0.022
job_offers_pl_corpus,spy,0.500,classic,False,union-train,0.027,0.013,0.521,0.010,0.169,0.004,0.268,0.005,301.300,8.908,1052.600,40.582,1442.400,40.582,203.700,8.908,0.607,0.003
job_offers_pl_corpus,spy,0.500,mvc,False,union-train,0.025,0.004,0.522,0.011,0.170,0.005,0.274,0.008,318.700,10.657,991.000,28.975,1504.000,28.975,186.300,10.657,0.612,0.003
job_offers_pl_corpus,spy,0.800,classic,False,union-train,0.029,0.013,0.521,0.010,0.169,0.004,0.267,0.006,300.100,9.146,1055.600,40.319,1439.400,40.319,204.900,9.146,0.607,0.003
job_offers_pl_corpus,spy,0.800,mvc,False,union-train,0.026,0.005,0.522,0.010,0.170,0.004,0.271,0.006,309.800,8.548,1024.300,31.854,1470.700,31.854,195.200,8.548,0.609,0.003
job_offers_pl_corpus,strict-lassclust,0.200,classic,False,union-train,3.562,0.989,0.732,0.015,0.343,0.016,0.061,0.015,16.300,4.218,2484.000,3.300,11.000,3.300,488.700,4.218,0.847,0.001
job_offers_pl_corpus,strict-lassclust,0.200,mvc,False,union-train,3.225,1.397,0.327,0.006,0.117,0.001,0.286,0.001,500.300,1.767,4.400,1.838,2490.600,1.838,4.700,1.767,0.848,0.001
job_offers_pl_corpus,strict-lassclust,0.500,classic,False,union-train,4.210,1.646,0.762,0.037,0.379,0.052,0.169,0.099,63.800,58.712,2404.500,126.212,90.500,126.212,441.200,58.712,0.827,0.035
job_offers_pl_corpus,strict-lassclust,0.500,mvc,False,union-train,4.129,1.191,0.684,0.012,0.305,0.020,0.106,0.021,29.800,6.339,2466.600,6.450,28.400,6.450,475.200,6.339,0.843,0.002
job_offers_pl_corpus,strict-lassclust,0.800,classic,False,union-train,5.269,1.954,0.808,0.013,0.438,0.023,0.225,0.017,69.400,5.854,2452.500,9.312,42.500,9.312,435.600,5.854,0.844,0.004
job_offers_pl_corpus,strict-lassclust,0.800,mvc,False,union-train,4.073,1.548,0.758,0.013,0.383,0.024,0.215,0.019,67.800,6.697,2436.800,10.229,58.200,10.229,437.200,6.697,0.838,0.004
open_subtitles_corpus,clust,0.200,classic,False,union-train,0.024,0.003,0.482,0.011,0.600,0.007,0.741,0.006,1648.300,28.284,199.100,16.183,877.900,16.183,274.700,28.284,0.636,0.009
open_subtitles_corpus,clust,0.200,mvc,False,union-train,0.033,0.024,0.532,0.010,0.633,0.007,0.357,0.013,481.300,22.276,783.700,14.878,293.300,14.878,1441.700,22.276,0.580,0.005
open_subtitles_corpus,clust,0.500,classic,False,union-train,0.024,0.003,0.486,0.010,0.603,0.007,0.772,0.003,1829.100,13.220,91.200,10.053,985.800,10.053,93.900,13.220,0.697,0.005
open_subtitles_corpus,clust,0.500,mvc,False,union-train,0.027,0.004,0.488,0.011,0.604,0.008,0.751,0.006,1696.400,22.297,176.600,15.042,900.400,15.042,226.600,22.297,0.651,0.007
open_subtitles_corpus,clust,0.800,classic,False,union-train,0.031,0.016,0.490,0.010,0.606,0.007,0.780,0.002,1893.100,6.773,39.800,5.181,1037.200,5.181,29.900,6.773,0.722,0.002
open_subtitles_corpus,clust,0.800,mvc,False,union-train,0.027,0.014,0.492,0.010,0.606,0.007,0.777,0.003,1861.900,9.036,71.000,9.487,1006.000,9.487,61.100,9.036,0.709,0.003
open_subtitles_corpus,lassojoint,0.200,classic,False,union-train,2.113,0.547,0.469,0.014,0.604,0.016,0.788,0.002,1918.200,2.394,51.600,13.327,1025.400,13.327,4.800,2.394,0.729,0.001
open_subtitles_corpus,lassojoint,0.200,mvc,False,union-train,2.242,1.239,0.510,0.012,0.646,0.006,0.222,0.043,257.000,57.042,951.500,16.702,125.500,16.702,1666.000,57.042,0.646,0.017
open_subtitles_corpus,lassojoint,0.500,classic,False,union-train,1.914,1.059,0.846,0.119,0.879,0.082,0.754,0.192,1410.500,547.326,811.700,99.293,265.300,99.293,512.500,547.326,0.697,0.120
open_subtitles_corpus,lassojoint,0.500,mvc,False,union-train,2.108,0.678,0.826,0.014,0.865,0.014,0.626,0.012,927.600,27.589,963.300,15.889,113.700,15.889,995.400,27.589,0.571,0.003
open_subtitles_corpus,lassojoint,0.800,classic,False,union-train,2.232,0.967,0.508,0.015,0.641,0.009,0.789,0.001,1919.800,2.098,51.400,8.656,1025.600,8.656,3.200,2.098,0.730,0.001
open_subtitles_corpus,lassojoint,0.800,mvc,False,union-train,1.682,0.558,0.907,0.008,0.919,0.009,0.891,0.006,1764.800,19.326,801.900,25.018,275.100,25.018,158.200,19.326,0.777,0.010
open_subtitles_corpus,naive,0.200,classic,False,union-train,0.003,0.001,0.704,0.023,0.786,0.019,0.004,0.002,4.000,2.160,1075.700,1.059,1.300,1.059,1919.000,2.160,0.733,0.001
open_subtitles_corpus,naive,0.200,mvc,False,union-train,0.003,0.002,0.565,0.012,0.682,0.011,0.000,0.000,0.000,0.000,1076.100,0.738,0.900,0.738,1923.000,0.000,0.735,0.000
open_subtitles_corpus,naive,0.500,classic,False,union-train,0.003,0.001,0.852,0.016,0.893,0.012,0.131,0.028,136.400,31.959,1064.500,2.953,12.500,2.953,1786.600,31.959,0.690,0.009
open_subtitles_corpus,naive,0.500,mvc,False,union-train,0.003,0.001,0.677,0.011,0.761,0.012,0.105,0.009,108.300,9.878,1043.400,10.690,33.600,10.690,1814.700,9.878,0.697,0.004
open_subtitles_corpus,naive,0.800,classic,False,union-train,0.004,0.001,0.856,0.010,0.892,0.009,0.853,0.005,1746.900,12.974,649.900,20.733,427.100,20.733,176.100,12.974,0.719,0.008
open_subtitles_corpus,naive,0.800,mvc,False,union-train,0.003,0.002,0.819,0.012,0.874,0.012,0.819,0.006,1633.200,20.049,643.100,26.066,433.900,26.066,289.800,20.049,0.671,0.007
open_subtitles_corpus,non-strict-lassclust,0.200,classic,False,union-train,3.559,0.989,0.502,0.012,0.612,0.009,0.739,0.005,1618.400,23.581,238.700,15.713,838.300,15.713,304.600,23.581,0.626,0.007
open_subtitles_corpus,non-strict-lassclust,0.200,mvc,False,union-train,3.491,1.714,0.558,0.013,0.648,0.009,0.387,0.022,532.400,41.900,786.000,21.929,291.000,21.929,1390.600,41.900,0.569,0.009
open_subtitles_corpus,non-strict-lassclust,0.500,classic,False,union-train,4.096,1.199,0.531,0.013,0.633,0.011,0.713,0.163,1603.600,463.842,244.400,228.794,832.600,228.794,319.400,463.842,0.664,0.031
open_subtitles_corpus,non-strict-lassclust,0.500,mvc,False,union-train,3.888,1.190,0.521,0.011,0.627,0.008,0.746,0.006,1640.000,22.301,245.200,14.589,831.800,14.589,283.000,22.301,0.632,0.007
open_subtitles_corpus,non-strict-lassclust,0.800,classic,False,union-train,5.622,2.254,0.582,0.009,0.672,0.010,0.785,0.002,1890.700,6.201,75.400,12.103,1001.600,12.103,32.300,6.201,0.719,0.002
open_subtitles_corpus,non-strict-lassclust,0.800,mvc,False,union-train,5.282,4.424,0.571,0.010,0.664,0.009,0.783,0.004,1850.100,11.289,124.100,16.802,952.900,16.802,72.900,11.289,0.703,0.004
open_subtitles_corpus,spy,0.200,classic,False,union-train,0.028,0.005,0.490,0.010,0.617,0.006,0.018,0.004,17.500,3.629,1045.800,3.994,31.200,3.994,1905.500,3.629,0.726,0.001
open_subtitles_corpus,spy,0.200,mvc,False,union-train,0.031,0.017,0.488,0.005,0.636,0.002,0.005,0.003,4.900,2.726,1063.800,4.077,13.200,4.077,1918.100,2.726,0.732,0.001
open_subtitles_corpus,spy,0.500,classic,False,union-train,0.027,0.013,0.489,0.009,0.617,0.006,0.018,0.004,17.300,3.592,1046.700,4.423,30.300,4.423,1905.700,3.592,0.726,0.001
open_subtitles_corpus,spy,0.500,mvc,False,union-train,0.025,0.004,0.492,0.010,0.617,0.006,0.019,0.004,18.700,4.347,1045.100,4.122,31.900,4.122,1904.300,4.347,0.726,0.001
open_subtitles_corpus,spy,0.800,classic,False,union-train,0.029,0.013,0.488,0.009,0.617,0.006,0.018,0.004,17.300,3.592,1046.800,4.442,30.200,4.442,1905.700,3.592,0.726,0.001
open_subtitles_corpus,spy,0.800,mvc,False,union-train,0.026,0.005,0.490,0.009,0.617,0.006,0.018,0.004,17.700,3.683,1045.400,4.248,31.600,4.248,1905.300,3.683,0.726,0.001
open_subtitles_corpus,strict-lassclust,0.200,classic,False,union-train,3.562,0.989,0.502,0.012,0.612,0.009,0.739,0.005,1618.400,23.581,238.700,15.713,838.300,15.713,304.600,23.581,0.626,0.007
open_subtitles_corpus,strict-lassclust,0.200,mvc,False,union-train,3.225,1.397,0.555,0.013,0.645,0.009,0.368,0.037,498.100,62.324,798.800,28.736,278.200,28.736,1424.900,62.324,0.577,0.016
open_subtitles_corpus,strict-lassclust,0.500,classic,False,union-train,4.210,1.646,0.518,0.026,0.623,0.018,0.776,0.005,1841.200,43.764,94.800,42.031,982.200,42.031,81.800,43.764,0.701,0.017
open_subtitles_corpus,strict-lassclust,0.500,mvc,False,union-train,4.129,1.191,0.521,0.011,0.627,0.008,0.746,0.006,1640.000,22.301,245.200,14.589,831.800,14.589,283.000,22.301,0.632,0.007
open_subtitles_corpus,strict-lassclust,0.800,classic,False,union-train,5.269,1.954,0.582,0.009,0.672,0.010,0.785,0.002,1890.700,6.201,75.400,12.103,1001.600,12.103,32.300,6.201,0.719,0.002
open_subtitles_corpus,strict-lassclust,0.800,mvc,False,union-train,4.073,1.548,0.571,0.010,0.664,0.009,0.783,0.004,1850.200,11.468,124.100,16.802,952.900,16.802,72.800,11.468,0.703,0.004
plwiki,clust,0.200,classic,False,union-train,0.024,0.003,0.710,0.023,0.654,0.027,0.011,0.005,6.800,3.393,1748.200,0.789,0.800,0.789,1244.200,3.393,0.715,0.001
plwiki,clust,0.200,mvc,False,union-train,0.033,0.024,0.124,0.005,0.262,0.001,0.587,0.001,1247.400,2.319,0.300,0.675,1748.700,0.675,3.600,2.319,0.716,0.000
plwiki,clust,0.500,classic,False,union-train,0.024,0.003,0.705,0.016,0.638,0.020,0.019,0.007,11.800,4.315,1747.900,0.738,1.100,0.738,1239.200,4.315,0.715,0.001
plwiki,clust,0.500,mvc,False,union-train,0.027,0.004,0.661,0.012,0.567,0.011,0.100,0.012,66.700,8.327,1729.000,6.092,20.000,6.092,1184.300,8.327,0.701,0.003
plwiki,clust,0.800,classic,False,union-train,0.031,0.016,0.720,0.011,0.648,0.015,0.045,0.011,29.000,7.040,1745.700,1.252,3.300,1.252,1222.000,7.040,0.712,0.001
plwiki,clust,0.800,mvc,False,union-train,0.027,0.014,0.706,0.011,0.626,0.011,0.122,0.014,82.500,10.266,1731.000,5.292,18.000,5.292,1168.500,10.266,0.700,0.002
plwiki,lassojoint,0.200,classic,False,union-train,2.113,0.547,0.869,0.010,0.841,0.013,0.527,0.054,461.100,66.646,1718.100,8.089,30.900,8.089,789.900,66.646,0.691,0.006
plwiki,lassojoint,0.200,mvc,False,union-train,2.242,1.239,0.729,0.014,0.590,0.010,0.691,0.020,929.400,70.462,1241.000,65.026,508.000,65.026,321.600,70.462,0.607,0.008
plwiki,lassojoint,0.500,classic,False,union-train,1.914,1.059,0.790,0.065,0.718,0.105,0.192,0.165,145.200,125.164,1739.300,8.807,9.700,8.807,1105.800,125.164,0.700,0.014
plwiki,lassojoint,0.500,mvc,False,union-train,2.108,0.678,0.781,0.009,0.727,0.012,0.620,0.015,689.300,22.760,1466.900,12.288,282.100,12.288,561.700,22.760,0.625,0.007
plwiki,lassojoint,0.800,classic,False,union-train,2.232,0.967,0.881,0.006,0.851,0.010,0.754,0.011,871.100,26.070,1560.800,17.370,188.200,17.370,379.900,26.070,0.710,0.007
plwiki,lassojoint,0.800,mvc,False,union-train,1.682,0.558,0.853,0.005,0.812,0.009,0.643,0.010,638.600,15.204,1652.600,7.933,96.400,7.933,612.400,15.204,0.688,0.004
plwiki,naive,0.200,classic,False,union-train,0.003,0.001,0.722,0.023,0.587,0.035,0.000,0.000,0.000,0.000,1749.000,0.000,0.000,0.000,1251.000,0.000,0.717,0.000
plwiki,naive,0.200,mvc,False,union-train,0.003,0.002,0.665,0.010,0.525,0.009,0.005,0.002,3.100,1.287,1743.300,3.713,5.700,3.713,1247.900,1.287,0.714,0.001
plwiki,naive,0.500,classic,False,union-train,0.003,0.001,0.730,0.012,0.607,0.020,0.000,0.001,0.200,0.422,1749.000,0.000,0.000,0.000,1250.800,0.422,0.717,0.000
plwiki,naive,0.500,mvc,False,union-train,0.003,0.001,0.643,0.010,0.517,0.009,0.023,0.005,14.600,3.134,1739.600,3.978,9.400,3.978,1236.400,3.134,0.712,0.002
plwiki,naive,0.800,classic,False,union-train,0.004,0.001,0.731,0.009,0.622,0.016,0.004,0.004,2.500,2.321,1748.400,0.699,0.600,0.699,1248.500,2.321,0.716,0.000
plwiki,naive,0.800,mvc,False,union-train,0.003,0.002,0.721,0.008,0.626,0.013,0.029,0.008,18.700,5.334,1745.500,1.900,3.500,1.900,1232.300,5.334,0.713,0.001
plwiki,non-strict-lassclust,0.200,classic,False,union-train,3.559,0.989,0.429,0.034,0.416,0.027,0.018,0.007,11.200,4.211,1747.900,0.738,1.100,0.738,1239.800,4.211,0.715,0.001
plwiki,non-strict-lassclust,0.200,mvc,False,union-train,3.491,1.714,0.153,0.011,0.266,0.002,0.588,0.001,1247.900,2.132,0.300,0.675,1748.700,0.675,3.100,2.132,0.716,0.000
plwiki,non-strict-lassclust,0.500,classic,False,union-train,4.096,1.199,0.643,0.044,0.577,0.048,0.030,0.013,19.100,8.530,1747.200,1.398,1.800,1.398,1231.900,8.530,0.713,0.002
plwiki,non-strict-lassclust,0.500,mvc,False,union-train,3.888,1.190,0.688,0.011,0.598,0.011,0.301,0.013,243.000,12.623,1628.900,12.879,120.100,12.879,1008.000,12.623,0.654,0.004
plwiki,non-strict-lassclust,0.800,classic,False,union-train,5.622,2.254,0.718,0.011,0.652,0.015,0.117,0.015,78.500,10.374,1739.000,5.055,10.000,5.055,1172.500,10.374,0.703,0.002
plwiki,non-strict-lassclust,0.800,mvc,False,union-train,5.282,4.424,0.733,0.009,0.662,0.011,0.348,0.017,279.500,17.747,1671.800,8.574,77.200,8.574,971.500,17.747,0.666,0.003
plwiki,spy,0.200,classic,False,union-train,0.028,0.005,0.481,0.005,0.407,0.002,0.578,0.003,1201.600,8.058,44.600,8.316,1704.400,8.316,49.400,8.058,0.696,0.002
plwiki,spy,0.200,mvc,False,union-train,0.031,0.017,0.409,0.022,0.372,0.011,0.526,0.019,1039.700,56.338,85.200,16.792,1663.800,16.792,211.300,56.338,0.668,0.008
plwiki,spy,0.500,classic,False,union-train,0.027,0.013,0.480,0.005,0.407,0.002,0.578,0.003,1200.400,8.369,44.700,8.499,1704.300,8.499,50.600,8.369,0.696,0.002
plwiki,spy,0.500,mvc,False,union-train,0.025,0.004,0.482,0.005,0.408,0.003,0.579,0.003,1203.000,8.446,44.500,8.370,1704.500,8.370,48.000,8.446,0.696,0.002
plwiki,spy,0.800,classic,False,union-train,0.029,0.013,0.480,0.005,0.407,0.002,0.578,0.003,1200.400,8.669,44.500,7.934,1704.500,7.934,50.600,8.669,0.696,0.002
plwiki,spy,0.800,mvc,False,union-train,0.026,0.005,0.481,0.005,0.407,0.002,0.578,0.003,1201.500,8.073,44.600,8.316,1704.400,8.316,49.500,8.073,0.696,0.002
plwiki,strict-lassclust,0.200,classic,False,union-train,3.562,0.989,0.429,0.034,0.416,0.027,0.018,0.007,11.200,4.211,1747.900,0.738,1.100,0.738,1239.800,4.211,0.715,0.001
plwiki,strict-lassclust,0.200,mvc,False,union-train,3.225,1.397,0.153,0.011,0.266,0.002,0.588,0.001,1247.900,2.132,0.300,0.675,1748.700,0.675,3.100,2.132,0.716,0.000
plwiki,strict-lassclust,0.500,classic,False,union-train,4.210,1.646,0.674,0.050,0.615,0.055,0.046,0.023,29.900,15.206,1745.500,3.536,3.500,3.536,1221.100,15.206,0.711,0.003
plwiki,strict-lassclust,0.500,mvc,False,union-train,4.129,1.191,0.688,0.011,0.598,0.011,0.301,0.013,243.000,12.623,1628.900,12.879,120.100,12.879,1008.000,12.623,0.654,0.004
plwiki,strict-lassclust,0.800,classic,False,union-train,5.269,1.954,0.718,0.011,0.652,0.015,0.117,0.015,78.500,10.648,1739.000,5.055,10.000,5.055,1172.500,10.648,0.703,0.002
plwiki,strict-lassclust,0.800,mvc,False,union-train,4.073,1.548,0.733,0.009,0.662,0.011,0.348,0.017,279.500,17.747,1671.900,8.685,77.100,8.685,971.500,17.747,0.666,0.003
ulotki_medyczne,clust,0.200,classic,False,union-train,0.024,0.003,0.381,0.012,0.046,0.001,0.012,0.002,6.400,1.265,1829.800,21.301,925.200,21.301,175.600,1.265,0.694,0.003
ulotki_medyczne,clust,0.200,mvc,False,union-train,0.033,0.024,0.600,0.012,0.069,0.002,0.159,0.003,171.200,2.300,955.100,24.942,1799.900,24.942,10.800,2.300,0.690,0.004
ulotki_medyczne,clust,0.500,classic,False,union-train,0.024,0.003,0.427,0.012,0.050,0.001,0.016,0.003,8.600,1.776,1849.500,21.099,905.500,21.099,173.400,1.776,0.697,0.003
ulotki_medyczne,clust,0.500,mvc,False,union-train,0.027,0.004,0.197,0.007,0.036,0.000,0.001,0.001,0.500,0.527,1877.200,24.693,877.800,24.693,181.500,0.527,0.700,0.004
ulotki_medyczne,clust,0.800,classic,False,union-train,0.031,0.016,0.457,0.010,0.052,0.001,0.022,0.005,12.100,2.601,1837.700,19.984,917.300,19.984,169.900,2.601,0.695,0.003
ulotki_medyczne,clust,0.800,mvc,False,union-train,0.027,0.014,0.282,0.011,0.040,0.001,0.004,0.002,2.100,1.197,1880.100,21.356,874.900,21.356,179.900,1.197,0.701,0.003
ulotki_medyczne,lassojoint,0.200,classic,False,union-train,2.113,0.547,0.989,0.002,0.782,0.041,0.782,0.021,160.400,4.351,2687.100,9.882,67.900,9.882,21.600,4.351,0.966,0.004
ulotki_medyczne,lassojoint,0.200,mvc,False,union-train,2.242,1.239,0.306,0.012,0.062,0.000,0.001,0.001,0.700,0.823,1686.700,74.398,1068.300,74.398,181.300,0.823,0.677,0.005
ulotki_medyczne,lassojoint,0.500,classic,False,union-train,1.914,1.059,0.946,0.049,0.578,0.185,0.420,0.358,70.100,60.300,2732.700,17.702,22.300,17.702,111.900,60.300,0.953,0.012
ulotki_medyczne,lassojoint,0.500,mvc,False,union-train,2.108,0.678,0.799,0.025,0.193,0.026,0.000,0.000,0.000,0.000,2755.000,0.000,0.000,0.000,182.000,0.000,0.940,0.000
ulotki_medyczne,lassojoint,0.800,classic,False,union-train,2.232,0.967,0.990,0.002,0.811,0.040,0.793,0.020,163.000,3.887,2688.700,7.889,66.300,7.889,19.000,3.887,0.968,0.003
ulotki_medyczne,lassojoint,0.800,mvc,False,union-train,1.682,0.558,0.951,0.004,0.522,0.032,0.015,0.007,1.400,0.699,2752.100,1.729,2.900,1.729,180.600,0.699,0.939,0.001
ulotki_medyczne,naive,0.200,classic,False,union-train,0.003,0.001,0.920,0.004,0.421,0.022,0.000,0.000,0.000,0.000,2755.000,0.000,0.000,0.000,182.000,0.000,0.940,0.000
ulotki_medyczne,naive,0.200,mvc,False,union-train,0.003,0.002,0.173,0.009,0.035,0.000,0.000,0.000,0.000,0.000,2755.000,0.000,0.000,0.000,182.000,0.000,0.940,0.000
ulotki_medyczne,naive,0.500,classic,False,union-train,0.003,0.001,0.917,0.005,0.413,0.023,0.000,0.000,0.000,0.000,2754.800,0.422,0.200,0.422,182.000,0.000,0.940,0.000
ulotki_medyczne,naive,0.500,mvc,False,union-train,0.003,0.001,0.545,0.021,0.065,0.004,0.000,0.000,0.000,0.000,2755.000,0.000,0.000,0.000,182.000,0.000,0.940,0.000
ulotki_medyczne,naive,0.800,classic,False,union-train,0.004,0.001,0.915,0.006,0.406,0.024,0.005,0.008,0.500,0.707,2753.800,1.135,1.200,1.135,181.500,0.707,0.940,0.001
ulotki_medyczne,naive,0.800,mvc,False,union-train,0.003,0.002,0.827,0.011,0.243,0.020,0.000,0.000,0.000,0.000,2755.000,0.000,0.000,0.000,182.000,0.000,0.940,0.000
ulotki_medyczne,non-strict-lassclust,0.200,classic,False,union-train,3.559,0.989,0.369,0.013,0.045,0.001,0.018,0.004,10.700,2.111,1750.600,19.957,1004.400,19.957,171.300,2.111,0.684,0.002
ulotki_medyczne,non-strict-lassclust,0.200,mvc,False,union-train,3.491,1.714,0.676,0.020,0.089,0.007,0.164,0.003,173.000,1.700,1001.400,23.675,1753.600,23.675,9.000,1.700,0.684,0.003
ulotki_medyczne,non-strict-lassclust,0.500,classic,False,union-train,4.096,1.199,0.438,0.017,0.051,0.002,0.022,0.009,12.900,5.607,1833.500,121.833,921.500,121.833,169.100,5.607,0.697,0.020
ulotki_medyczne,non-strict-lassclust,0.500,mvc,False,union-train,3.888,1.190,0.262,0.009,0.039,0.000,0.008,0.002,5.000,1.414,1755.600,20.271,999.400,20.271,177.000,1.414,0.684,0.002
ulotki_medyczne,non-strict-lassclust,0.800,classic,False,union-train,5.622,2.254,0.462,0.010,0.053,0.001,0.042,0.006,26.100,3.479,1728.800,17.980,1026.200,17.980,155.900,3.479,0.682,0.002
ulotki_medyczne,non-strict-lassclust,0.800,mvc,False,union-train,5.282,4.424,0.331,0.011,0.043,0.001,0.013,0.004,7.600,2.171,1758.200,17.364,996.800,17.364,174.400,2.171,0.684,0.002
ulotki_medyczne,spy,0.200,classic,False,union-train,0.028,0.005,0.849,0.011,0.217,0.011,0.148,0.030,20.500,4.836,2682.900,10.651,72.100,10.651,161.500,4.836,0.920,0.003
ulotki_medyczne,spy,0.200,mvc,False,union-train,0.031,0.017,0.633,0.068,0.124,0.019,0.000,0.000,0.000,0.000,2754.100,1.197,0.900,1.197,182.000,0.000,0.940,0.000
ulotki_medyczne,spy,0.500,classic,False,union-train,0.027,0.013,0.847,0.011,0.214,0.011,0.145,0.032,19.900,5.131,2684.300,10.791,70.700,10.791,162.100,5.131,0.920,0.003
ulotki_medyczne,spy,0.500,mvc,False,union-train,0.025,0.004,0.854,0.011,0.225,0.012,0.159,0.034,22.200,5.371,2680.800,9.852,74.200,9.852,159.800,5.371,0.920,0.003
ulotki_medyczne,spy,0.800,classic,False,union-train,0.029,0.013,0.845,0.011,0.211,0.010,0.141,0.033,19.300,5.229,2683.900,9.746,71.100,9.746,162.700,5.229,0.920,0.003
ulotki_medyczne,spy,0.800,mvc,False,union-train,0.026,0.005,0.851,0.011,0.220,0.013,0.149,0.031,20.500,4.836,2683.900,10.514,71.100,10.514,161.500,4.836,0.920,0.003
ulotki_medyczne,strict-lassclust,0.200,classic,False,union-train,3.562,0.989,0.369,0.013,0.045,0.001,0.018,0.004,10.700,2.111,1750.600,19.957,1004.400,19.957,171.300,2.111,0.684,0.002
ulotki_medyczne,strict-lassclust,0.200,mvc,False,union-train,3.225,1.397,0.677,0.019,0.089,0.006,0.165,0.003,172.200,2.573,1020.300,35.768,1734.700,35.768,9.800,2.573,0.682,0.004
ulotki_medyczne,strict-lassclust,0.500,classic,False,union-train,4.210,1.646,0.424,0.020,0.049,0.002,0.040,0.017,27.500,16.433,1648.700,173.705,1106.300,173.705,154.500,16.433,0.679,0.010
ulotki_medyczne,strict-lassclust,0.500,mvc,False,union-train,4.129,1.191,0.262,0.009,0.039,0.000,0.008,0.002,5.000,1.414,1755.500,20.310,999.500,20.310,177.000,1.414,0.684,0.002
ulotki_medyczne,strict-lassclust,0.800,classic,False,union-train,5.269,1.954,0.462,0.010,0.053,0.001,0.042,0.006,26.100,3.479,1728.800,17.980,1026.200,17.980,155.900,3.479,0.682,0.002
ulotki_medyczne,strict-lassclust,0.800,mvc,False,union-train,4.073,1.548,0.331,0.011,0.043,0.001,0.013,0.004,7.600,2.171,1758.300,17.179,996.700,17.179,174.400,2.171,0.684,0.002
wolne_lektury_corpus,clust,0.200,classic,False,union-train,0.024,0.003,0.589,0.023,0.406,0.017,0.036,0.009,14.900,3.635,1018.500,9.443,117.500,9.443,676.100,3.635,0.667,0.004
wolne_lektury_corpus,clust,0.200,mvc,False,union-train,0.033,0.024,0.261,0.009,0.261,0.002,0.569,0.003,681.600,2.319,113.400,8.289,1022.600,8.289,9.400,2.319,0.670,0.003
wolne_lektury_corpus,clust,0.500,classic,False,union-train,0.024,0.003,0.643,0.017,0.437,0.015,0.058,0.013,24.300,5.618,1012.300,9.393,123.700,9.393,666.700,5.618,0.662,0.004
wolne_lektury_corpus,clust,0.500,mvc,False,union-train,0.027,0.004,0.561,0.014,0.376,0.008,0.048,0.010,19.900,4.067,1012.300,9.093,123.700,9.093,671.100,4.067,0.663,0.004
wolne_lektury_corpus,clust,0.800,classic,False,union-train,0.031,0.016,0.666,0.016,0.456,0.015,0.172,0.026,78.600,12.411,995.000,10.499,141.000,10.499,612.400,12.411,0.645,0.004
wolne_lektury_corpus,clust,0.800,mvc,False,union-train,0.027,0.014,0.624,0.016,0.421,0.012,0.081,0.011,34.500,4.601,1010.000,8.273,126.000,8.273,656.500,4.601,0.659,0.003
wolne_lektury_corpus,lassojoint,0.200,classic,False,union-train,2.113,0.547,0.767,0.009,0.544,0.013,0.601,0.028,411.400,39.011,872.100,36.066,263.900,36.066,279.600,39.011,0.608,0.009
wolne_lektury_corpus,lassojoint,0.200,mvc,False,union-train,2.242,1.239,0.493,0.014,0.375,0.006,0.251,0.032,133.700,19.218,897.300,12.347,238.700,12.347,557.300,19.218,0.596,0.005
wolne_lektury_corpus,lassojoint,0.500,classic,False,union-train,1.914,1.059,0.709,0.029,0.488,0.027,0.299,0.251,185.500,157.658,980.200,120.312,155.800,120.312,505.500,157.658,0.642,0.066
wolne_lektury_corpus,lassojoint,0.500,mvc,False,union-train,2.108,0.678,0.660,0.012,0.445,0.010,0.157,0.020,68.300,9.214,1024.300,9.381,111.700,9.381,622.700,9.214,0.660,0.004
wolne_lektury_corpus,lassojoint,0.800,classic,False,union-train,2.232,0.967,0.776,0.011,0.554,0.015,0.681,0.009,558.800,10.326,745.100,16.670,390.900,16.670,132.200,10.326,0.603,0.007
wolne_lektury_corpus,lassojoint,0.800,mvc,False,union-train,1.682,0.558,0.726,0.011,0.499,0.013,0.262,0.017,121.400,8.449,1021.500,9.384,114.500,9.384,569.600,8.449,0.652,0.004
wolne_lektury_corpus,naive,0.200,classic,False,union-train,0.003,0.001,0.693,0.015,0.478,0.015,0.000,0.000,0.000,0.000,1136.000,0.000,0.000,0.000,691.000,0.000,0.728,0.000
wolne_lektury_corpus,naive,0.200,mvc,False,union-train,0.003,0.002,0.626,0.012,0.416,0.009,0.000,0.000,0.000,0.000,1133.800,1.398,2.200,1.398,691.000,0.000,0.726,0.001
wolne_lektury_corpus,naive,0.500,classic,False,union-train,0.003,0.001,0.729,0.013,0.523,0.017,0.003,0.002,1.000,0.816,1131.900,1.912,4.100,1.912,690.000,0.816,0.725,0.001
wolne_lektury_corpus,naive,0.500,mvc,False,union-train,0.003,0.001,0.650,0.016,0.431,0.011,0.002,0.002,0.700,0.675,1106.900,9.315,29.100,9.315,690.300,0.675,0.712,0.005
wolne_lektury_corpus,naive,0.800,classic,False,union-train,0.004,0.001,0.748,0.012,0.555,0.018,0.327,0.030,157.100,17.941,1023.700,16.580,112.300,16.580,533.900,17.941,0.652,0.009
wolne_lektury_corpus,naive,0.800,mvc,False,union-train,0.003,0.002,0.718,0.012,0.517,0.014,0.054,0.013,20.500,5.061,1090.000,7.118,46.000,7.118,670.500,5.061,0.700,0.004
wolne_lektury_corpus,non-strict-lassclust,0.200,classic,False,union-train,3.559,0.989,0.438,0.033,0.320,0.014,0.046,0.011,19.000,4.447,1015.700,9.405,120.300,9.405,672.000,4.447,0.665,0.004
wolne_lektury_corpus,non-strict-lassclust,0.200,mvc,False,union-train,3.491,1.714,0.298,0.023,0.270,0.005,0.569,0.003,683.700,2.830,108.500,9.443,1027.500,9.443,7.300,2.830,0.673,0.004
wolne_lektury_corpus,non-strict-lassclust,0.500,classic,False,union-train,4.096,1.199,0.621,0.014,0.424,0.012,0.078,0.020,33.200,8.766,1011.700,9.945,124.300,9.945,657.800,8.766,0.660,0.005
wolne_lektury_corpus,non-strict-lassclust,0.500,mvc,False,union-train,3.888,1.190,0.596,0.012,0.398,0.008,0.098,0.010,42.100,4.408,1008.200,7.613,127.800,7.613,648.900,4.408,0.657,0.003
wolne_lektury_corpus,non-strict-lassclust,0.800,classic,False,union-train,5.622,2.254,0.664,0.013,0.458,0.012,0.279,0.028,137.000,15.958,982.400,9.216,153.600,9.216,554.000,15.958,0.632,0.004
wolne_lektury_corpus,non-strict-lassclust,0.800,mvc,False,union-train,5.282,4.424,0.656,0.012,0.438,0.010,0.168,0.018,75.400,8.369,1004.300,7.409,131.700,7.409,615.600,8.369,0.649,0.003
wolne_lektury_corpus,spy,0.200,classic,False,union-train,0.028,0.005,0.533,0.007,0.394,0.004,0.556,0.004,646.100,4.358,149.700,7.543,986.300,7.543,44.900,4.358,0.647,0.003
wolne_lektury_corpus,spy,0.200,mvc,False,union-train,0.031,0.017,0.498,0.012,0.375,0.006,0.520,0.012,581.200,18.274,171.900,7.340,964.100,7.340,109.800,18.274,0.627,0.005
wolne_lektury_corpus,spy,0.500,classic,False,union-train,0.027,0.013,0.534,0.007,0.394,0.004,0.556,0.004,645.800,4.264,149.800,7.345,986.200,7.345,45.200,4.264,0.647,0.003
wolne_lektury_corpus,spy,0.500,mvc,False,union-train,0.025,0.004,0.534,0.007,0.395,0.004,0.557,0.004,647.000,4.216,149.600,7.545,986.400,7.545,44.000,4.216,0.647,0.003
wolne_lektury_corpus,spy,0.800,classic,False,union-train,0.029,0.013,0.533,0.007,0.394,0.004,0.556,0.004,645.800,4.264,149.800,7.285,986.200,7.285,45.200,4.264,0.647,0.003
wolne_lektury_corpus,spy,0.800,mvc,False,union-train,0.026,0.005,0.533,0.007,0.394,0.004,0.556,0.004,645.900,4.202,149.800,7.685,986.200,7.685,45.100,4.202,0.647,0.003
wolne_lektury_corpus,strict-lassclust,0.200,classic,False,union-train,3.562,0.989,0.438,0.033,0.320,0.014,0.046,0.011,19.000,4.447,1015.700,9.405,120.300,9.405,672.000,4.447,0.665,0.004
wolne_lektury_corpus,strict-lassclust,0.200,mvc,False,union-train,3.225,1.397,0.298,0.024,0.270,0.006,0.569,0.003,682.000,4.137,110.400,7.043,1025.600,7.043,9.000,4.137,0.672,0.003
wolne_lektury_corpus,strict-lassclust,0.500,classic,False,union-train,4.210,1.646,0.621,0.019,0.425,0.015,0.090,0.027,38.700,11.889,1010.000,8.165,126.000,8.165,652.300,11.889,0.659,0.004
wolne_lektury_corpus,strict-lassclust,0.500,mvc,False,union-train,4.129,1.191,0.596,0.012,0.398,0.008,0.098,0.010,42.100,4.408,1008.200,7.613,127.800,7.613,648.900,4.408,0.657,0.003
wolne_lektury_corpus,strict-lassclust,0.800,classic,False,union-train,5.269,1.954,0.664,0.013,0.458,0.012,0.279,0.028,137.000,15.958,982.400,9.216,153.600,9.216,554.000,15.958,0.632,0.004
wolne_lektury_corpus,strict-lassclust,0.800,mvc,False,union-train,4.073,1.548,0.656,0.012,0.438,0.010,0.168,0.018,75.400,8.369,1004.300,7.409,131.700,7.409,615.600,8.369,0.649,0.003
